City_ID,City,Lat,Lng,Max Temp,Humidity,Cloudiness,Wind Speed,Country,Date
0,qaqortoq,60.7167,-46.0333,45.81,72,0,1.66,GL,1722653259
1,olonkinbyen,70.9221,-8.7187,42.19,92,100,9.19,SJ,1722653304
2,wailua homesteads,22.0669,-159.378,81.39,73,0,10.36,US,1722653261
3,puerto natales,-51.7236,-72.4875,35.02,99,100,1.1,CL,1722653306
4,saladan,7.6134,99.0365,84.09,70,97,0.43,TH,1722653308
5,port-aux-francais,-49.35,70.2167,36.0,79,68,25.1,TF,1722653309
6,ouani,-12.1322,44.4258,75.92,64,1,13.49,KM,1722653310
7,arraial do cabo,-22.9661,-42.0278,71.51,78,0,19.6,BR,1722653311
8,goynuk,40.4003,30.7883,59.97,48,0,2.15,TR,1722653313
9,invercargill,-46.4,168.35,46.02,78,0,1.01,NZ,1722653270
10,grytviken,-54.2811,-36.5092,30.24,87,100,12.82,GS,1722653271
11,ilulissat,69.2167,-51.1,48.22,66,0,1.14,GL,1722653272
12,afaahiti,-17.75,-149.2833,76.87,68,20,12.59,PF,1722653274
13,fort morgan,40.2503,-103.8,74.05,60,0,14.97,US,1722653275
14,hermanus,-34.4187,19.2345,49.08,68,0,2.89,ZA,1722653320
15,zierikzee,51.6539,3.9196,68.02,87,81,9.66,NL,1722653321
16,manta,-0.95,-80.7333,74.98,83,100,9.22,EC,1722653322
17,darhan,49.4867,105.9228,62.62,86,100,3.98,MN,1722653323
18,chingola,-12.529,27.8838,52.47,46,0,5.48,ZM,1722653325
19,kununurra,-15.7667,128.7333,85.98,28,5,9.22,AU,1722653326
20,port elizabeth,-33.918,25.5701,47.32,98,0,2.3,ZA,1722653327
21,tsiroanomandidy,-18.7667,46.0333,53.89,92,2,1.97,MG,1722653328
22,edinburgh of the seven seas,-37.0676,-12.3116,49.19,50,66,25.21,SH,1722653330
23,uturoa,-16.7333,-151.4333,75.61,64,87,13.71,PF,1722653331
24,thompson,55.7435,-97.8558,60.96,67,40,8.05,CA,1722653332
25,dudinka,69.4058,86.1778,65.53,54,18,8.61,RU,1722653333
26,bilibino,68.0546,166.4372,52.52,55,100,11.61,RU,1722653335
27,kingston,17.997,-76.7936,83.35,84,40,11.5,JM,1722653116
28,hammerfest,70.6634,23.6821,57.65,82,10,4.61,NO,1722653337
29,aykhal,66.0,111.5,67.32,44,100,9.82,RU,1722653338
30,adamstown,-25.066,-130.1015,68.34,78,3,7.87,PN,1722653340
31,whitehorse,60.7161,-135.0538,64.02,45,40,1.99,CA,1722653341
32,green river,41.5286,-109.4662,90.0,21,71,1.01,US,1722653342
33,margaret river,-33.95,115.0667,56.75,63,40,5.68,AU,1722653343
34,hasaki,35.7333,140.8333,90.28,69,89,7.0,JP,1722653345
35,jamestown,42.097,-79.2353,69.03,98,0,1.99,US,1722653245
36,ushuaia,-54.8,-68.3,35.26,80,100,9.22,AR,1722653347
37,miri,4.4148,114.0089,86.14,70,20,0.0,MY,1722653348
38,waitangi,-43.9535,-176.5597,47.82,79,100,7.0,NZ,1722653350
39,utrik,11.2278,169.8474,82.98,74,6,4.54,MH,1722653351
40,vila franca do campo,37.7167,-25.4333,70.21,90,4,4.32,PT,1722653352
41,tazovsky,67.4667,78.7,60.51,86,89,8.57,RU,1722653353
42,georgetown,5.4112,100.3354,89.53,62,20,6.91,MY,1722653355
43,isangel,-19.55,169.2667,69.22,79,91,14.45,VU,1722653356
44,palikir - national government center,6.9248,158.1611,86.85,66,100,10.36,FM,1722653357
45,port lincoln,-34.7333,135.8667,56.43,58,82,5.84,AU,1722653358
46,alice springs,-23.7,133.8833,71.15,23,89,14.97,AU,1722653360
47,ialibu,-6.2821,143.9935,65.44,81,99,3.27,PG,1722653361
48,tual,-5.6667,132.75,78.17,88,30,18.68,ID,1722653362
49,haiku-pauwela,20.9219,-156.3051,78.26,87,75,14.97,US,1722653363
50,chaoyang,41.5703,120.4586,86.32,70,87,7.02,CN,1722653365
51,palmas,-10.2128,-48.3603,75.07,53,0,2.3,BR,1722653366
52,borogontsy,62.6683,131.1683,68.22,30,67,5.03,RU,1722653367
53,badger,64.8,-147.5333,51.71,90,75,11.5,US,1722653368
54,yellowknife,62.456,-114.3525,61.41,72,20,11.5,CA,1722653370
55,sokolka,53.4072,23.5023,59.67,79,100,4.54,PL,1722653371
56,nadi,-17.8,177.4167,86.0,62,40,13.8,FJ,1722653372
57,ouricuri,-7.8825,-40.0817,69.57,68,51,6.85,BR,1722653373
58,puerto ayora,-0.7393,-90.3518,67.55,79,36,11.01,EC,1722653375
59,atafu village,-8.5421,-172.5159,83.08,73,1,15.5,TK,1722653376
60,kayangel,8.0823,134.7173,83.93,77,98,14.76,PW,1722653377
61,smithers,54.7804,-127.1743,79.12,27,75,5.75,CA,1722653378
62,north side,19.35,-81.2,80.67,95,75,8.05,KY,1722653380
63,colonia,50.9333,6.95,63.59,85,35,2.15,DE,1722653381
64,lae,-6.7221,146.9847,79.47,74,84,8.75,PG,1722653382
65,constantia,44.1833,28.65,65.08,70,7,13.0,RO,1722653383
66,hithadhoo,-0.6,73.0833,83.16,76,88,10.0,MV,1722653385
67,el calafate,-50.3408,-72.2768,35.62,92,100,3.56,AR,1722653386
68,yeniseysk,58.4497,92.1703,67.95,70,24,4.5,RU,1722653387
69,bethel,41.3712,-73.414,77.02,89,20,1.01,US,1722653388
70,xai-xai,-25.0519,33.6442,63.03,71,0,3.09,MZ,1722653390
71,talnakh,69.4865,88.3972,66.38,63,9,2.04,RU,1722653391
72,bardai,11.65,7.2333,70.65,93,100,9.31,NG,1722653392
73,timaru,-44.4,171.25,45.23,62,1,4.21,NZ,1722653394
74,bengkulu,-3.8004,102.2655,84.04,69,11,7.56,ID,1722653395
75,petropavlovsk-kamchatsky,53.0452,158.6483,70.39,60,75,4.47,RU,1722653396
76,karratha,-20.7377,116.8463,74.16,64,38,6.78,AU,1722653397
77,ribeira grande,38.5167,-28.7,72.07,78,9,4.29,PT,1722653399
78,vernon,50.2581,-119.2691,93.61,37,86,3.44,CA,1722653400
79,aasiaat,68.7098,-52.8699,33.21,88,49,2.13,GL,1722653401
80,magadi,12.9667,77.2333,71.76,84,100,13.42,IN,1722653403
81,longyearbyen,78.2186,15.6401,53.44,94,0,0.0,SJ,1722653404
82,port douglas,-16.4833,145.4667,72.61,72,76,18.39,AU,1722653405
83,lubango,-14.9172,13.4925,60.66,63,0,4.61,AO,1722653406
84,tripoli,32.8752,13.1875,82.62,41,0,6.96,LY,1722653260
85,saudarkrokur,65.7461,-19.6394,48.99,87,94,4.16,IS,1722653409
86,kodiak,57.79,-152.4072,60.31,72,0,6.91,US,1722653410
87,labrador city,52.9463,-66.9114,66.11,82,75,2.3,CA,1722653411
88,chernogorsk,53.8236,91.2842,76.57,65,0,6.71,RU,1722653414
89,vilyuchinsk,52.9306,158.4028,71.87,76,94,7.61,RU,1722653415
90,palpa,-14.5336,-75.1856,64.2,64,0,2.01,PE,1722653416
91,santiago de cao,-7.9589,-79.2392,62.73,94,100,9.22,PE,1722653417
92,santa ana,33.7456,-117.8678,90.32,45,20,9.22,US,1722653201
93,lebu,-37.6167,-73.65,48.13,92,15,5.86,CL,1722653420
94,blackmans bay,-43.0167,147.3167,54.73,62,100,3.0,AU,1722653421
95,tiksi,71.6872,128.8694,46.24,65,100,1.16,RU,1722653422
96,bonthe,7.5264,-12.505,76.23,89,100,15.14,SL,1722653424
97,iqaluit,63.7506,-68.5145,42.53,60,20,0.0,CA,1722653425
98,keflavik,64.0049,-22.5624,51.71,81,0,12.66,IS,1722653426
99,hamilton,39.1834,-84.5333,70.45,91,16,5.01,US,1722653387
100,isafjordur,66.0755,-23.124,46.83,95,99,4.83,IS,1722653429
101,san patricio,28.017,-97.5169,85.89,73,40,10.25,US,1722653430
102,sinabang,2.4803,96.3801,80.51,78,100,4.21,ID,1722653431
103,kerikeri,-35.2268,173.9474,57.9,94,100,8.01,NZ,1722653433
104,codrington,-38.2667,141.9667,55.72,60,99,6.98,AU,1722653434
105,college,64.8569,-147.8028,51.78,89,100,11.5,US,1722653435
106,remire-montjoly,4.9167,-52.2667,75.24,100,0,0.0,GF,1722653436
107,port mathurin,-19.6833,63.4167,71.69,66,44,10.38,MU,1722653438
108,nouadhibou,20.931,-17.0347,71.58,83,2,2.3,MR,1722653439
109,pyshma,56.9523,63.2513,61.45,88,31,7.61,RU,1722653440
110,gur'yevsk,54.2833,85.9333,75.94,64,30,6.17,RU,1722653441
111,lethem,3.3803,-59.7968,76.69,82,82,5.57,GY,1722653444
112,cockburn town,21.4612,-71.1419,82.85,85,80,21.92,TC,1722653446
113,horta,38.5333,-28.6333,73.11,78,24,3.6,PT,1722653447
114,happy valley-goose bay,53.3168,-60.3315,55.71,88,20,3.44,CA,1722653448
115,west island,-12.1568,96.8225,80.58,74,75,12.66,CC,1722653449
116,olyokminsk,60.3736,120.4264,66.81,47,100,3.51,RU,1722653451
117,mejit,10.2753,170.8646,83.05,75,5,4.72,MH,1722653452
118,udachny,66.4167,112.4,65.12,48,100,3.09,RU,1722653453
119,st. john's,47.5649,-52.7093,57.15,94,100,14.97,CA,1722653454
120,iskateley,67.6803,53.1512,61.02,71,8,15.35,RU,1722653456
121,stanley,54.868,-1.6985,60.28,90,40,5.75,GB,1722653457
122,san antonio de pale,-1.4014,5.6325,72.48,76,99,10.56,GQ,1722653458
123,nemuro,43.3236,145.575,66.06,83,77,13.2,JP,1722653461
124,flying fish cove,-10.4217,105.6791,80.28,78,75,13.8,CX,1722653462
125,albertina,-22.2008,-46.6158,58.55,61,0,6.93,BR,1722653463
126,albany,42.6001,-73.9662,72.91,95,99,0.72,US,1722653464
127,afif,23.9065,42.9172,78.87,30,83,16.53,SA,1722653466
128,waycross,31.2136,-82.354,79.05,94,0,4.61,US,1722653467
129,sur,22.5667,59.5289,90.57,54,75,7.67,OM,1722653468
130,buriti dos lopes,-3.175,-41.8669,69.1,91,53,3.49,BR,1722653469
131,grand-popo,6.2804,1.8225,74.84,90,100,9.46,BJ,1722653471
132,aman garh,34.0058,71.93,84.81,52,4,3.69,PK,1722653472
133,labytnangi,66.6572,66.4183,63.95,73,91,21.16,RU,1722653473
134,khandyga,62.6667,135.6,64.02,44,7,3.58,RU,1722653474
135,enewetak,11.3474,162.3373,84.07,76,63,10.51,MH,1722653476
136,sabancuy,18.9667,-91.1833,81.77,84,57,8.28,MX,1722653477
137,hayrabolu,41.2131,27.1069,65.32,80,0,3.33,TR,1722653478
138,lobujya,27.95,86.8167,39.22,85,92,4.23,NP,1722653479
139,ishigaki,24.3448,124.1572,89.73,74,20,5.75,JP,1722653481
140,galliano,29.4422,-90.2992,84.99,78,0,0.0,US,1722653482
141,port blair,11.6667,92.75,84.24,89,75,12.66,IN,1722653483
142,lorengau,-2.0226,147.2712,83.25,78,99,9.93,PG,1722653488
143,policoro,40.2115,16.6726,73.02,50,9,3.22,IT,1722653489
144,argo,37.6333,22.7333,74.79,46,0,4.03,GR,1722653490
145,klyuchi,52.2667,79.1667,77.65,55,98,2.51,RU,1722653492
146,holualoa,19.6228,-155.9522,80.44,73,75,10.36,US,1722653493
147,sabang,5.8933,95.3214,83.23,77,100,12.1,ID,1722653494
148,sena madureira,-9.0656,-68.6569,78.17,59,22,3.38,BR,1722653495
149,prince rupert,54.3161,-130.3201,64.09,76,0,14.97,CA,1722653497
150,camana,-16.6228,-72.7111,58.41,95,6,9.55,PE,1722653498
151,bulungu,-4.55,18.6,76.82,41,36,0.54,CD,1722653499
152,qamdo,31.1667,97.2333,55.8,66,73,5.08,CN,1722653500
153,abu jibeha,11.4562,31.2285,71.82,86,100,4.63,SD,1722653502
154,chonchi,-42.6128,-73.8092,43.81,94,100,6.62,CL,1722653503
155,bundaberg,-24.85,152.35,71.22,60,38,1.99,AU,1722653504
156,papatowai,-46.5619,169.4708,46.74,68,39,3.62,NZ,1722653507
157,sitangkai,4.6628,119.3928,83.37,71,33,6.46,PH,1722653508
158,geraldton,-28.7667,114.6,59.41,63,0,12.66,AU,1722653509
159,korla,41.7597,86.1469,89.73,27,72,5.73,CN,1722653510
160,satsuma,30.8532,-88.0561,88.03,73,0,5.73,US,1722653229
161,okhotsk,59.3833,143.3,62.92,55,0,3.91,RU,1722653513
162,taoudenni,22.6783,-3.9836,97.66,27,31,10.25,ML,1722653514
163,pangody,65.85,74.4859,72.57,54,66,15.01,RU,1722653515
164,punta arenas,-53.15,-70.9167,39.31,81,100,8.05,CL,1722653517
165,ginir,7.1333,40.7,57.42,85,86,7.18,ET,1722653518
166,avarua,-21.2078,-159.775,73.45,53,38,6.91,CK,1722653519
167,lerwick,60.1545,-1.1494,55.4,90,100,16.2,GB,1722653520
168,papao,-17.75,-149.55,78.48,69,0,14.81,PF,1722653522
169,margate,51.3813,1.3862,62.87,86,50,9.78,GB,1722653523
170,sitka,57.0531,-135.33,64.29,63,20,18.41,US,1722653524
171,vorgashor,67.5833,63.95,65.62,57,34,15.68,RU,1722653525
172,muravlenko,63.7898,74.523,69.66,71,74,4.32,RU,1722653527
173,makoua,0.0069,15.6333,75.49,69,62,2.57,CG,1722653528
174,yerofey pavlovich,53.9667,121.9667,70.9,36,100,5.12,RU,1722653529
175,east london,-33.0153,27.9116,56.44,83,0,5.14,ZA,1722653423
176,ust-nera,64.5667,143.2,54.39,50,84,3.87,RU,1722653533
177,odda,60.0691,6.5457,58.77,91,98,3.04,NO,1722653534
178,plouzane,48.3833,-4.6167,64.89,94,100,13.8,FR,1722653535
179,hawaiian paradise park,19.5933,-154.9731,82.72,75,75,13.8,US,1722653537
180,bandarbeyla,9.4942,50.8122,79.77,65,67,28.92,SO,1722653538
181,karbala,32.616,44.0249,88.68,31,0,15.52,IQ,1722653540
182,la ronge,55.1001,-105.2842,66.45,45,40,6.91,CA,1722653542
183,ndago,-4.6,34.35,59.65,60,27,7.87,TZ,1722653543
184,san angelo,31.4638,-100.437,93.42,41,0,5.99,US,1722653544
185,kodinar,20.7903,70.7031,81.34,88,100,19.44,IN,1722653545
186,kismayo,-0.3582,42.5454,75.72,82,97,16.13,SO,1722653547
187,cadale,2.7603,46.3222,76.03,86,100,19.35,SO,1722653549
188,cururupu,-1.8283,-44.8683,71.58,94,33,1.25,BR,1722653550
189,tralee,52.2704,-9.7026,52.21,91,99,5.84,IE,1722653552
190,fort bragg,35.139,-79.006,79.38,90,40,8.05,US,1722653553
191,bagalkot,16.1833,75.7,74.01,87,100,16.2,IN,1722653554
192,tacna,-18.0056,-70.2483,53.8,82,100,3.44,PE,1722653556
193,altamira,-3.2033,-52.2064,77.52,60,79,2.75,BR,1722653572
194,kone,-21.0595,164.8658,71.87,53,1,11.61,NC,1722653573
195,hailar,49.2,119.7,72.12,46,100,9.4,CN,1722653575
196,ancud,-41.8697,-73.8203,47.23,88,100,17.16,CL,1722653576
197,mumford,5.2618,-0.759,74.08,91,100,6.93,GH,1722653577
198,anahuac,27.2333,-100.15,90.91,45,52,18.75,MX,1722653440
199,chhor,25.5167,69.7667,85.89,77,100,11.36,PK,1722653581
200,kavaratti,10.5669,72.642,81.55,77,100,16.17,IN,1722653583
201,crane,31.3974,-102.3501,90.27,32,0,13.69,US,1722653585
202,alzamay,55.5562,98.6644,72.18,67,8,5.08,RU,1722653586
203,howrah,22.5892,88.3103,80.6,94,100,10.36,IN,1722653587
204,rapla,59.0072,24.7928,60.51,98,93,4.29,EE,1722653588
205,altamont,42.2068,-121.7372,85.78,32,40,16.11,US,1722653590
206,tidjikja,18.5564,-11.4271,88.16,42,7,8.72,MR,1722653591
207,zaozersk,69.4005,32.4476,50.41,88,11,8.16,RU,1722653592
208,el bauga,18.262,33.9081,77.52,72,64,9.98,SD,1722653593
209,touros,-5.1989,-35.4608,71.58,94,52,10.98,BR,1722653595
210,bredasdorp,-34.5322,20.0403,42.91,94,0,3.98,ZA,1722653596
211,fort st. john,56.2499,-120.8529,66.09,52,75,6.91,CA,1722653597
212,strezhevoy,60.7333,77.5889,64.9,96,100,9.04,RU,1722653598
213,bac kan,22.1333,105.8333,77.95,97,100,1.39,VN,1722653600
214,lepsy,46.235,78.9456,92.62,18,3,14.09,KZ,1722653601
215,galle,6.0367,80.217,82.92,87,92,1.01,LK,1722653602
216,tamandare,-8.7597,-35.1047,73.76,83,38,7.67,BR,1722653603
217,puerto leguizamo,-0.1934,-74.7819,73.99,79,46,0.45,CO,1722653604
218,gananoque,44.3334,-76.1661,77.0,86,93,4.72,CA,1722653606
219,kapa'a,22.0752,-159.319,82.72,71,0,10.36,US,1722653607
220,abeche,13.8292,20.8324,77.34,76,100,4.94,TD,1722653608
221,anadyr,64.75,177.4833,48.7,93,100,13.42,RU,1722653610
222,nova sintra,14.8667,-24.7167,77.36,77,100,13.51,CV,1722653611
223,aykol,38.1751,77.2132,85.35,29,100,1.07,CN,1722653612
224,ribeira brava,32.65,-17.0667,74.71,67,0,5.1,PT,1722653613
225,sault ste. marie,46.5168,-84.3333,70.36,85,0,9.22,CA,1722653614
226,christchurch,-43.5333,172.6333,50.92,51,1,3.44,NZ,1722653616
227,mbandaka,0.0487,18.2603,72.63,70,29,2.08,CD,1722653617
228,olinda,-8.0089,-34.8553,78.53,73,40,14.97,BR,1722653618
229,trondheim,63.4305,10.3951,55.49,94,12,3.18,NO,1722653620
230,erenhot,43.6475,111.9767,78.17,50,100,19.44,CN,1722653621
231,tazacorte,28.629,-17.9293,70.77,83,0,16.11,ES,1722653622
232,saint-philippe,-21.3585,55.7679,63.99,83,73,8.23,RE,1722653623
233,saipan,15.1355,145.701,88.5,74,75,19.57,MP,1722653625
234,puerto armuelles,8.2833,-82.8667,81.09,76,100,1.01,PA,1722653626
235,lompoc,34.6391,-120.4579,66.85,85,0,8.05,US,1722653465
236,severo-yeniseyskiy,60.3725,93.0408,62.1,73,36,5.17,RU,1722653628
237,martapura,-3.4167,114.85,84.29,79,40,2.3,ID,1722653629
238,akora,34.0036,72.1261,92.64,54,13,8.34,PK,1722653631
239,rongelap,11.1635,166.8941,83.62,77,13,10.07,MH,1722653632
240,sibiti,-3.6819,13.3499,65.37,74,1,3.29,CG,1722653633
241,ceeldheer,3.8488,47.1806,75.02,85,100,19.1,SO,1722653634
242,port-vila,-17.7338,168.3219,73.0,83,100,12.66,VU,1722653637
243,sola,-13.8833,167.55,79.12,81,35,14.56,VU,1722653638
244,san luis de la loma,17.2706,-100.8939,79.52,86,100,4.63,MX,1722653640
245,soio,-6.1349,12.3689,67.5,90,16,9.1,AO,1722653641
246,gariadhar,21.5333,71.5833,81.37,83,100,15.61,IN,1722653642
247,douz,33.4663,9.0203,85.62,21,12,4.09,TN,1722653643
248,myshkin,57.7897,38.4545,57.29,94,51,3.51,RU,1722653645
249,fort mcmurray,56.7268,-111.381,74.71,33,0,4.61,CA,1722653646
250,cedeira,43.6797,-8.0209,59.05,51,0,4.16,ES,1722653647
251,salinopolis,-0.6136,-47.3561,79.18,81,36,10.27,BR,1722653648
252,bhimunipatnam,17.8833,83.4333,80.11,75,100,5.91,IN,1722653650
253,kulhudhuffushi,6.6221,73.07,82.13,76,100,9.37,MV,1722653651
254,duyun,26.2667,107.5167,77.54,82,100,8.41,CN,1722653652
255,saldanha,-33.0117,17.9442,37.45,79,0,2.57,ZA,1722653653
256,amga,60.8953,131.9608,66.99,35,98,2.35,RU,1722653654
257,la passe,45.5549,-0.8967,61.03,88,2,8.57,FR,1722653656
258,novo aripuana,-5.1206,-60.3797,79.29,49,40,1.74,BR,1722653657
259,hailey,43.5196,-114.3153,82.31,17,53,4.52,US,1722653658
260,pisco,-13.7,-76.2167,60.85,88,0,10.36,PE,1722653661
261,saint-pierre,-21.3393,55.4781,64.08,72,100,3.44,RE,1722653662
262,carnarvon,-24.8667,113.6333,67.68,58,0,13.35,AU,1722653663
263,okha,53.5739,142.9478,65.8,49,19,4.99,RU,1722653665
264,coahuayana de hidalgo,18.7,-103.6583,79.63,83,100,0.58,MX,1722653666
265,hovd,48.0056,91.6419,76.84,26,75,2.15,MN,1722653667
266,zaterechnyy,44.7931,45.2097,79.43,39,79,5.32,RU,1722653668
267,kurlovo,55.4325,40.4854,56.77,93,24,4.72,RU,1722653670
268,kerman,30.2832,57.0788,76.86,23,20,0.0,IR,1722653671
269,kitimat,54.0524,-128.6534,82.78,45,60,3.0,CA,1722653672
270,richards bay,-28.783,32.0377,63.46,87,25,3.53,ZA,1722653675
271,souillac,-20.5167,57.5167,66.58,94,40,10.36,MU,1722653676
272,al ghayzah,16.2079,52.176,76.96,92,91,8.08,YE,1722653677
273,isla mujeres,21.2311,-86.731,84.16,78,4,9.73,MX,1722653678
274,stettler,52.3168,-112.7186,65.75,38,100,8.1,CA,1722653680
275,canzo,45.8495,9.2772,70.47,62,60,4.7,IT,1722653681
276,coracora,-15.0333,-73.7833,45.41,39,0,2.73,PE,1722653682
277,sisimiut,66.9395,-53.6735,43.52,82,9,3.15,GL,1722653683
278,fale old settlement,-9.3852,-171.2468,82.63,74,17,15.32,TK,1722653685
279,saint-louis,16.3333,-15.0,82.0,64,6,11.5,SN,1722653686
280,arteche,12.2645,125.4048,86.18,73,95,1.97,PH,1722653687
281,daru,-9.0763,143.2092,76.77,84,94,20.4,PG,1722653688
282,praia da vitoria,38.7333,-27.0667,71.85,88,40,3.29,PT,1722653690
283,ar rutbah,33.0381,40.2848,78.64,32,0,16.89,IQ,1722653691
284,hancheng,32.5186,112.3522,87.46,78,79,8.19,CN,1722653692
285,vila velha,-20.3297,-40.2925,71.55,96,100,8.05,BR,1722653693
286,khamis mushait,18.3064,42.7292,65.01,77,0,6.91,SA,1722653695
287,carutapera,-1.195,-46.02,77.04,83,38,5.66,BR,1722653697
288,salekhard,66.53,66.6019,63.16,78,88,20.4,RU,1722653698
289,aconibe,1.2968,10.9369,65.68,96,69,3.65,GQ,1722653700
290,eynesil,41.0645,39.1438,70.63,75,10,4.97,TR,1722653701
291,cartagena,10.3997,-75.5144,85.62,74,40,5.75,CO,1722653702
292,tokonou,9.65,-9.7833,70.05,92,100,6.29,GN,1722653703
293,san clemente del tuyu,-36.3569,-56.7235,59.77,83,100,17.11,AR,1722653705
294,coyhaique,-45.5752,-72.0662,38.17,99,100,5.21,CL,1722653706
295,el granada,37.5027,-122.4694,75.69,78,75,17.27,US,1722653495
296,kapuskasing,49.4169,-82.4331,71.69,72,20,4.61,CA,1722653708
297,luderitz,-26.6481,15.1594,58.12,44,19,2.04,,1722653710
298,east ballina,-28.8667,153.5833,68.79,64,2,12.71,AU,1722653711
299,zizur mayor,42.7879,-1.6907,62.65,77,100,8.99,ES,1722653712
300,ust-tsilma,65.441,52.1498,62.44,94,84,7.9,RU,1722653713
301,kouroussa,10.65,-9.8833,71.64,97,100,5.28,GN,1722653715
302,willows,39.5243,-122.1936,93.31,11,100,14.94,US,1722653716
303,nizhnesortymskiy,62.4397,71.7603,67.48,81,99,9.51,RU,1722653717
304,yigo village,13.5361,144.8886,84.49,76,75,27.63,GU,1722653718
305,westerland,54.9079,8.3033,55.42,100,0,0.0,DE,1722653720
306,yanbu,24.0891,38.0637,89.64,70,16,0.0,SA,1722653721
307,belmonte,-15.8631,-38.8828,71.71,86,15,5.03,BR,1722653722
308,behshahr,36.6923,53.5526,75.15,76,99,5.73,IR,1722653723
309,new richmond,45.123,-92.5366,75.92,73,0,4.61,US,1722653725
310,laguna,38.421,-121.4238,92.44,26,0,4.61,US,1722653726
311,opuwo,-18.0607,13.84,60.31,37,0,1.99,,1722653727
312,derzhavinsk,51.1,66.3167,72.43,47,2,8.08,KZ,1722653728
313,santa eularia des riu,38.9846,1.5341,80.51,84,0,6.91,ES,1722653730
314,timimoun,29.2639,0.231,86.38,15,0,8.05,DZ,1722653731
315,big spring,32.2504,-101.4787,92.23,31,0,6.91,US,1722653732
316,corunna,42.982,-84.1178,74.08,83,75,0.0,US,1722653733
317,piedmont,37.8244,-122.2316,79.38,77,75,9.22,US,1722653735
318,vadso,70.0744,29.7487,54.48,87,100,12.66,NO,1722653736
319,perry,37.2506,-83.1999,73.58,99,24,4.05,US,1722653737
320,athens,37.9795,23.7162,81.66,50,0,2.3,GR,1722653582
321,phongsali,21.6833,102.1058,70.14,89,100,2.8,LA,1722653739
322,gorontalo,0.5412,123.0595,87.67,59,35,8.37,ID,1722653741
323,kosan,38.8558,127.4181,91.27,58,5,4.83,KP,1722653742
324,gadzhiyevo,69.2551,33.3362,51.28,88,16,9.86,RU,1722653743
325,katsuura,35.1333,140.3,80.69,73,34,6.85,JP,1722653744
326,howard springs,-12.497,131.047,85.91,61,71,6.26,AU,1722653746
327,wynyard,-41.0,145.7167,56.19,73,100,1.01,AU,1722653747
328,brookings,44.3114,-96.7984,79.14,92,0,7.38,US,1722653748
329,chernyshevsk,52.5243,117.0174,68.38,61,100,5.28,RU,1722653750
330,susuman,62.7833,148.1667,53.91,41,100,4.29,RU,1722653751
331,oumache,34.6929,5.6809,97.09,16,20,3.44,DZ,1722653752
332,krasnik,50.9236,22.2271,64.67,66,100,9.95,PL,1722653753
333,peniche,39.3558,-9.3811,67.28,92,3,17.72,PT,1722653755
334,hobyo,5.3505,48.5268,76.06,83,100,23.35,SO,1722653756
335,umluj,25.0213,37.2685,87.98,66,2,4.07,SA,1722653757
336,buka,40.8108,69.1986,82.71,25,0,6.64,UZ,1722653758
337,patterson,37.4716,-121.1297,89.74,20,97,4.23,US,1722653760
338,zelenogorsk,56.1147,94.5861,72.23,70,38,2.06,RU,1722653761
339,juigne,47.7188,-0.3941,57.9,94,5,0.0,FR,1722653762
340,alofi,-19.0595,-169.9187,78.69,57,75,9.22,NU,1722653763
341,male,4.1748,73.5089,84.15,84,20,3.44,MV,1722653765
342,noshiro,40.2039,140.0242,88.63,64,4,7.29,JP,1722653766
343,bowen,-20.0167,148.2333,70.39,49,0,18.61,AU,1722653767
344,puerto santa,-8.9906,-78.6456,61.72,89,11,9.66,PE,1722653768
345,hadibu,12.65,54.0333,78.78,79,75,26.35,YE,1722653770
346,roma,43.2128,-75.4557,71.74,98,100,3.44,US,1722653771
347,queenstown,-31.8976,26.8753,45.5,46,0,6.42,ZA,1722653772
348,wotje,9.4543,170.2367,83.12,74,2,5.08,MH,1722653773
349,wenling,28.3669,121.36,88.12,75,6,6.67,CN,1722653774
350,vodice,43.7608,15.7828,74.7,89,15,6.33,HR,1722653776
351,wainwright,52.839,-110.8572,65.66,41,17,5.21,CA,1722653777
352,cabo san lucas,22.8909,-109.9124,92.5,55,58,4.0,MX,1722653707
353,mahroni,24.5862,78.7288,79.47,84,100,12.62,IN,1722653779
354,lazaro cardenas,17.9583,-102.2,81.81,74,100,3.78,MX,1722653781
355,boende,-0.2167,20.8667,73.0,77,98,1.68,CD,1722653782
356,mount pearl,47.5166,-52.7813,56.32,95,100,12.66,CA,1722653783
357,stiens,53.2623,5.7577,64.38,70,75,6.91,NL,1722653784
358,tolanaro,-25.0319,46.9987,64.47,88,40,0.0,MG,1722653786
359,tagta,41.6504,59.9164,76.95,41,0,9.22,TM,1722653787
360,grass valley,39.2191,-121.0611,84.67,39,0,6.91,US,1722653788
361,kuching,1.55,110.3333,88.02,68,20,3.44,MY,1722653789
362,la punta,-33.1837,-66.3127,59.49,32,91,15.84,AR,1722653791
363,spittal an der drau,46.8,13.5,62.1,93,7,5.73,AT,1722653792
364,sao gabriel da cachoeira,-0.1303,-67.0892,75.16,89,100,1.63,BR,1722653793
365,dien bien phu,21.3833,103.0167,75.25,92,100,2.39,VN,1722653794
366,santa marta,11.2408,-74.199,84.88,73,40,8.05,CO,1722653796
367,priozersk,61.0393,30.1291,62.1,100,100,6.49,RU,1722653797
368,sitia,35.2,26.0986,78.98,55,0,5.06,GR,1722653798
369,sligo,54.2697,-8.4694,50.59,93,25,6.08,IE,1722653799
370,luba,3.4568,8.5547,75.09,86,36,5.53,GQ,1722653801
371,kudat,6.8837,116.8477,85.93,74,20,10.36,MY,1722653802
372,tulum,20.2167,-87.4667,78.62,91,15,5.1,MX,1722653790
373,danjiangkou,32.5428,111.5086,86.31,76,100,4.16,CN,1722653804
374,paramonga,-10.6667,-77.8333,62.06,86,19,8.88,PE,1722653807
375,nadym,65.5333,72.5167,71.38,57,33,16.17,RU,1722653808
376,tsiombe,-25.3,45.4833,58.73,88,0,0.67,MG,1722653809
377,xining,36.6167,101.7667,66.78,64,2,2.08,CN,1722653810
378,xilin hot,43.9667,116.0333,75.81,61,100,21.85,CN,1722653812
379,verkhnevilyuysk,63.4453,120.3167,70.65,35,49,0.45,RU,1722653813
380,ayr,55.4627,-4.6339,50.31,93,75,3.44,GB,1722653814
381,conceicao da barra,-18.5933,-39.7322,70.88,90,10,6.91,BR,1722653815
382,kourou,5.1552,-52.6478,75.25,91,70,5.61,GF,1722653817
383,zhengzhou,34.7578,113.6486,90.09,59,1,10.31,CN,1722653819
384,birao,10.2849,22.7882,71.55,94,96,4.68,CF,1722653820
385,mili,6.0815,171.735,83.57,73,4,10.71,MH,1722653822
386,manadhoo,5.7667,73.3833,82.9,73,100,9.64,MV,1722653824
387,mount gambier,-37.8333,140.7667,57.06,50,71,5.97,AU,1722653825
388,hilo,19.7297,-155.09,82.94,82,75,13.8,US,1722653827
389,goondiwindi,-28.55,150.3167,65.05,36,0,1.74,AU,1722653828
390,loralai,30.3705,68.598,78.1,68,100,6.44,PK,1722653829
391,shingu,33.7333,135.9833,87.24,68,100,6.51,JP,1722653830
392,yaren,-0.5472,166.916,84.72,69,66,14.16,NR,1722653832
393,dzuunharaa,48.8523,106.4579,58.75,95,100,3.76,MN,1722653833
394,zhigalovo,54.8097,105.1578,76.5,48,1,0.87,RU,1722653835
395,mattoon,39.4831,-88.3728,73.53,94,0,5.75,US,1722653836
396,swift current,50.2834,-107.8014,79.61,41,0,24.16,CA,1722653838
397,sos'va,59.1766,61.8558,61.57,94,96,2.06,RU,1722653839
398,kerema,-7.9631,145.7785,78.93,85,81,13.06,PG,1722653840
399,harstad,68.799,16.5293,60.8,96,39,15.99,NO,1722653841
400,taulaga,-11.0553,-171.0883,81.39,71,1,16.15,AS,1722653843
401,piacabucu,-10.4056,-36.4344,74.44,79,34,10.67,BR,1722653694
402,tatarusi,47.35,26.6,70.66,80,100,6.17,RO,1722653845
403,wattegama,6.7989,81.4808,83.26,57,100,3.58,LK,1722653846
404,port alfred,-33.5906,26.891,55.11,79,0,5.1,ZA,1722653847
405,kerouane,9.2667,-9.0167,69.98,94,100,4.21,GN,1722653849
406,adiake,5.2863,-3.304,73.63,92,99,5.61,CI,1722653850
407,bhamo,24.2667,97.2333,75.31,99,100,1.12,MM,1722653851
408,berdigestyakh,62.0989,126.6992,71.42,28,7,1.16,RU,1722653852
409,puerto colombia,10.9878,-74.9547,82.49,80,56,8.32,CO,1722653854
410,maha sarakham,16.3333,103.6667,78.62,84,100,3.98,TH,1722653855
411,callao,-12.0667,-77.15,63.43,77,0,11.5,PE,1722653856
412,broken hill,-31.95,141.4333,62.35,28,98,5.12,AU,1722653857
413,san fernando de apure,7.8878,-67.4724,75.74,92,97,2.04,VE,1722653859
414,o rosal,41.9354,-8.8368,62.22,82,0,8.03,ES,1722653860
415,aurora,39.7294,-104.8319,84.43,38,78,8.99,US,1722653861
416,new norfolk,-42.7826,147.0587,55.92,51,100,5.44,AU,1722653862
417,carora,10.1755,-70.0827,80.37,62,100,7.29,VE,1722653864
418,khorugh,37.4897,71.553,62.87,43,1,2.37,TJ,1722653865
419,villa gesell,-37.2639,-56.973,70.05,92,100,22.19,AR,1722653866
420,la'ie,21.6477,-157.9253,84.16,74,99,5.99,US,1722653867
421,sultanah,24.4926,39.5857,88.25,42,0,10.36,SA,1722653869
422,lautoka,-17.6167,177.4667,85.86,62,40,13.8,FJ,1722653744
423,kenora,49.8167,-94.4337,74.37,43,20,4.61,CA,1722653871
424,weno,7.4515,151.8468,82.83,70,63,2.91,FM,1722653872
425,kudahuvadhoo,2.6708,72.8944,82.87,73,74,4.5,MV,1722653874
426,urzhar,47.093,81.6294,89.62,24,1,7.34,KZ,1722653875
427,lake havasu city,34.4839,-114.3224,106.23,21,12,3.0,US,1722653876
428,minas de marcona,-15.2119,-75.1103,49.91,91,18,12.8,PE,1722653877
429,ezine,39.7856,26.3408,67.26,52,0,5.61,TR,1722653879
430,selfoss,63.9331,-20.9971,48.83,78,37,19.73,IS,1722653880
431,tura,25.5198,90.2201,74.68,99,100,5.19,IN,1722653881
432,domanic,39.8,29.6167,62.67,35,0,0.74,TR,1722653882
433,kirakira,-10.4544,161.9205,85.53,70,50,9.46,SB,1722653884
434,page,36.9147,-111.4558,86.11,36,95,3.0,US,1722653885
435,takestan,36.0696,49.6959,66.33,79,6,8.7,IR,1722653886
436,langepas,61.2544,75.2124,64.67,97,100,4.18,RU,1722653852
437,severnoye,56.3491,78.3619,71.15,85,84,3.11,RU,1722653888
438,chegdomyn,51.1167,133.0167,81.41,38,0,3.2,RU,1722653890
439,bikenibeu village,1.3673,173.1241,83.71,72,2,12.75,KI,1722653891
440,shimo-furano,43.35,142.3833,82.8,57,53,7.58,JP,1722653892
441,new plymouth,-39.0667,174.0833,50.31,1,17,2.26,NZ,1722653893
442,mangai,-4.05,19.5333,77.36,53,100,0.51,CD,1722653895
443,fastiv,50.0767,29.9177,66.9,41,100,4.79,UA,1722653896
444,cukai,4.25,103.4167,82.35,74,43,7.29,MY,1722653898
445,san pedro pochutla,15.7333,-96.4667,74.71,80,100,4.0,MX,1722653900
446,kincardine,56.0667,-3.7167,52.99,95,2,7.52,GB,1722653901
447,prelouc,50.0398,15.5603,59.9,91,40,9.22,CZ,1722653902
448,ballina,-28.8667,153.5667,68.77,64,2,12.71,AU,1722653905
449,den chai,17.9837,100.0522,81.05,96,100,3.27,TH,1722653906
450,iquique,-20.2208,-70.1431,62.64,72,39,2.33,CL,1722653907
451,wilmington island,32.0036,-80.9737,82.38,86,75,4.61,US,1722653908
452,kimbe,-5.5502,150.1429,86.72,65,93,12.73,PG,1722653910
453,goundam,16.4145,-3.6708,87.12,56,100,10.49,ML,1722653911
454,polyarnyy,69.1989,33.4478,50.9,87,15,9.13,RU,1722653912
455,fomboni,-12.28,43.7425,77.29,64,0,17.29,KM,1722653913
456,tumut,-35.3,148.2167,56.17,55,57,5.19,AU,1722653915
457,sandnessjoen,66.0217,12.6316,52.32,78,79,11.39,NO,1722653916
458,bubaque,11.2833,-15.8333,79.36,77,97,9.8,GW,1722653917
459,mossel bay,-34.1831,22.146,52.02,79,0,5.99,ZA,1722653918
460,salinas,36.6777,-121.6555,74.71,85,0,8.05,US,1722653920
461,flin flon,54.7682,-101.865,62.58,52,26,8.63,CA,1722653921
462,yeed,4.55,43.0333,71.85,75,88,15.26,SO,1722653922
463,kill devil hills,36.0307,-75.676,82.98,85,40,11.5,US,1722653923
464,sakakah,29.9697,40.2064,81.97,29,0,9.15,SA,1722653926
465,mermoz boabab,14.7065,-17.4758,81.16,83,40,9.22,SN,1722653927
466,holly springs,35.6513,-78.8336,77.79,85,100,3.0,US,1722653928
467,mitchell,43.7094,-98.0298,82.38,63,0,4.61,US,1722653930
468,ketchikan,55.3422,-131.6461,72.07,49,0,9.22,US,1722653931
469,bamboo flat,11.7,92.7167,84.29,89,75,12.66,IN,1722653932
470,jinchang,38.4953,102.1739,84.4,24,57,0.94,CN,1722653933
471,encheng,22.1839,112.3026,88.66,69,85,9.19,CN,1722653935
472,hepo,23.4308,115.8299,93.9,57,0,2.13,CN,1722653936
473,grande prairie,55.1667,-118.8027,71.78,37,75,16.11,CA,1722653800
474,sydney,-33.8679,151.2073,66.31,57,0,8.05,AU,1722653789
475,caslav,49.911,15.3897,58.71,89,0,7.0,CZ,1722653939
476,arizona city,32.7559,-111.671,103.86,25,0,5.93,US,1722653941
477,shakhun'ya,57.6758,46.6114,58.33,92,76,6.17,RU,1722653942
478,nanga eboko,4.6833,12.3667,65.77,99,51,2.15,CM,1722653943
479,naze,28.3667,129.4833,90.52,70,5,8.3,JP,1722653944
480,dakhla,23.6848,-15.958,67.5,92,3,13.53,EH,1722653946
481,sungai raya,0.7,108.9,85.77,62,80,7.29,ID,1722653948
482,yuci,37.6803,112.7319,82.15,61,20,4.47,CN,1722653950
483,yarmouth,41.7057,-70.2286,78.03,95,100,9.22,US,1722653951
484,alaghsas,17.0187,8.0168,78.48,74,96,6.78,NE,1722653952
485,revda,56.801,59.9303,59.13,88,81,7.27,RU,1722653953
486,guanambi,-14.2233,-42.7814,67.5,70,72,10.54,BR,1722653955
487,san felipe,10.3399,-68.7425,70.21,94,13,0.87,VE,1722653956
488,carauari,-4.8828,-66.8958,77.31,66,18,2.68,BR,1722653957
489,pangai,-19.8,-174.35,77.11,61,40,11.5,TO,1722653958
490,viedma,-40.8135,-62.9967,57.97,35,89,18.23,AR,1722653959
491,boguchany,58.3814,97.4531,59.9,84,97,8.7,RU,1722653961
492,arar,30.9753,41.0381,84.22,24,0,18.41,SA,1722653962
493,yangjiang,21.85,111.9667,87.49,74,66,10.89,CN,1722653963
494,tofol,5.3248,163.0078,89.38,66,75,9.22,FM,1722653964
495,socorro mission number 1 colonia,31.6362,-106.2905,96.22,15,17,14.97,US,1722653966
496,izhevsk,56.85,53.2333,57.13,98,19,3.53,RU,1722653967
497,ljusdal,61.8288,16.0913,56.26,90,98,3.11,SE,1722653968
498,gisborne,-38.6533,178.0042,52.47,62,6,9.86,NZ,1722653969
499,ruteng,-8.6136,120.4721,77.04,51,25,0.04,ID,1722653971
500,cortez,37.3489,-108.5859,83.16,26,0,9.22,US,1722653972
501,oranjestad,12.524,-70.027,84.15,83,20,18.41,AW,1722653973
502,laguna de perlas,12.3429,-83.6712,79.3,88,92,7.25,NI,1722653974
503,puerto lleras,3.0223,-73.4044,72.39,92,8,2.86,CO,1722653976
504,itaituba,-4.2761,-55.9836,81.14,48,97,1.99,BR,1722653977
505,calvi,42.5,8.8333,72.23,61,0,3.44,FR,1722653978
506,homer,59.6425,-151.5483,64.29,56,100,9.22,US,1722653979
507,selkirk,50.1436,-96.8845,73.54,46,7,4.27,CA,1722653981
508,samana,19.2056,-69.3369,77.05,91,98,3.87,DO,1722653982
509,enriquillo,17.9,-71.2333,78.1,91,61,10.98,DO,1722653983
510,filiatra,37.15,21.5833,77.7,69,0,9.15,GR,1722653984
511,ak-dovurak,51.1833,90.6,74.32,42,5,0.83,RU,1722653986
512,wusong,30.95,117.7833,95.59,56,6,5.23,CN,1722653987
513,zhob,31.3411,69.4481,80.37,61,26,5.59,PK,1722653988
514,castillos,-34.1667,-53.8333,67.69,75,84,11.21,UY,1722653989
515,kundiawa,-6.0167,144.9667,72.84,74,99,3.38,PG,1722653991
516,punta gorda,26.9298,-82.0454,81.0,86,100,1.99,US,1722653992
517,lodwar,3.1191,35.5973,79.57,53,93,13.44,KE,1722653993
518,thoothukudi,8.8054,78.1453,82.69,74,40,4.61,IN,1722653994
519,twon-brass,4.3151,6.2418,76.39,82,85,8.9,NG,1722653996
520,bay city,43.5945,-83.8889,74.1,78,0,1.14,US,1722653997
521,westport,41.1415,-73.3579,78.84,87,100,1.01,US,1722653998
522,cantilan,9.3336,125.9775,93.04,64,45,6.96,PH,1722653999
523,achalpur,21.2572,77.5086,74.5,97,100,11.21,IN,1722654000
524,quchan,37.106,58.5095,73.06,43,21,5.3,IR,1722654002
525,ra's bayrut,33.9,35.4833,82.06,51,0,5.75,LB,1722654003
526,newman,37.3138,-121.0208,87.03,20,97,2.28,US,1722654004
527,campoverde,-8.4753,-74.8058,80.29,55,3,1.57,PE,1722654006
528,sarh,9.1429,18.3923,72.37,93,99,1.7,TD,1722654007
529,rio grande,-32.035,-52.0986,62.94,88,34,15.28,BR,1722654008
530,singkil,-7.9855,111.4161,85.5,64,29,3.22,ID,1722654010
531,san-pedro,4.7485,-6.6363,74.66,86,100,7.78,CI,1722654011
532,ryotsu-minato,38.0833,138.4333,85.6,68,6,5.32,JP,1722654012
533,kruisfontein,-34.0033,24.7314,45.37,88,0,4.61,ZA,1722654013
534,laohekou,32.3858,111.6678,87.75,75,72,4.29,CN,1722654015
535,chibougamau,49.9168,-74.3659,65.82,94,0,0.0,CA,1722654016
536,nuuk,64.1835,-51.7216,36.88,100,100,3.44,GL,1722654017
537,dodola,6.9833,39.1833,53.89,96,100,0.81,ET,1722654018
538,praia,14.9215,-23.5087,79.34,69,75,5.75,CV,1722654020
539,kavieng,-2.5744,150.7967,81.43,81,100,18.75,PG,1722654021
540,wajir,1.7471,40.0573,72.21,73,100,13.53,KE,1722654025
541,cannonvale,-20.2833,148.7,73.58,52,0,17.2,AU,1722654026
